Name,Username,Location,Date of Birth
Xulav,xulav12345,Nepal,2000-9-9
Xulav,xulav12345,Nepal,2000-9-9
Xulav,xulav12345,Nepal,2000-9-9
Xulav,xulav12345,Nepal,2000-9-9
Xulav,xulav12345,Nepal,2000-9-9
Xulav,xulav12345,Nepal,2000-9-9
Xulav,xulav12345,Nepal,2000-9-9
Xulav,xulav12345,Nepal,2000-9-9
Xulav,xulav12345,Nepal,2000-9-9
Xulav,xulav12345,Nepal,2000-9-9
Xulav,xulav12345,Nepal,2000-9-9
Xulav,xulav12345,Nepal,2000-9-9
Xulav,xulav12345,Nepal,2000-9-9
Xulav,xulav12345,Nepal,2000-9-9
Xulav,xulav12345,Nepal,2000-9-9
Xulav,xulav12345,Nepal,2000-9-9
Xulav,xulav12345,Nepal,2000-9-9
Xulav,xulav12345,Nepal,2000-9-9
Xulav,xulav12345,Nepal,2000-9-9
Xulav,xulav12345,Nepal,2000-9-9
Xulav,xulav12345,Nepal,2000-9-9
